x1,x2,y
5.1389275448651475,14.075055619484926,0
4.102910720511884,15.627588863593267,0
4.643420112483116,15.047799199891195,0
5.4901841912296705,13.305174155548317,0
10.030510238339133,11.61225932779294,1
4.083987611974814,15.538391418047253,0
8.508264627043786,8.182982007485073,1
7.678849707592424,16.01605543859195,0
6.797541903431724,13.791538944044039,0
10.55972231007522,8.698092654095042,1
4.511766808704409,13.064507972068071,0
12.645383571633653,9.99424732797368,1
6.781265534865397,14.27094765716833,0
6.430627605104635,15.616954624719567,0
11.26968398406749,11.055278061600987,1
11.96423152564766,8.76588841873004,1
7.762045872035763,14.894633618466754,0
11.612690993277361,11.250570120759946,1
6.440646694813626,13.039870946177722,0
7.059375071776553,12.824852444969304,0
10.206119928067503,7.735222559644132,1
5.6823818018059,13.182969818219437,0
5.663673622614251,13.609114248542927,0
11.915587520318537,10.251432357949708,1
10.616296914957221,8.922931639234482,1
6.204958876510707,16.451170221958723,0
10.342521999864559,10.1688937940631,1
12.18112304933502,8.571801889933997,1
7.26306949621172,14.011678556592365,0
5.86306835381916,13.753771420777614,0
5.826965377715193,12.301044472268968,0
6.760924597225458,15.012647628835516,0
10.440149446861716,8.201572537553236,1
10.672130892218076,9.199027590619488,1
10.387515202932207,8.115886493275733,1
10.618942961351996,10.139207066319797,1
6.443518131698467,15.074224232149382,0
5.5093416342535795,14.662426318247684,0
11.250365952950915,8.929639153506413,1
4.74248352932568,12.877914865184406,0
5.7098625592459396,12.27314568154785,0
10.740961080304666,8.072313600913951,1
9.975768360419009,8.21207969785142,1
11.235938861484952,9.962568246901062,1
11.07602990411206,8.517601974250507,1
5.984700028807286,13.320834809821388,0
11.161775382229571,9.228097849255885,1
10.897757948778509,10.097173094543678,1
5.017463092791632,13.969020846355466,0
10.34216914291976,8.448880307953731,1
11.15761012810433,7.644532904245448,1
9.869333281705249,10.732147706379171,1
3.8931839501974044,13.69842706690777,0
10.404271300933303,9.10188707760091,1
12.011753666639711,7.4943168899185775,1
11.918192933147074,8.463832534738176,1
5.348694948265879,14.978256851944705,0
4.627565457579749,13.694416866545971,0
6.133149469016485,18.113446086803464,0
6.091339407283982,14.18788568349187,0
9.898852586762814,10.033030116288453,1
9.6354586161368,8.06122531647135,1
4.2404324147533465,13.322889556233621,0
4.916048688833085,13.933052449550974,0
4.434843270044662,12.221482418388643,0
6.061921210856665,15.03534864957808,0
6.188992293403604,15.396280236329343,0
5.687903867700456,13.875400999286983,0
5.369137634231364,15.232285547103098,0
11.473227028051966,9.164713386650423,1
9.572397432453256,8.202060575364674,1
13.539993665439871,8.883817363230898,1
10.884613594784124,9.258898788725888,1
10.738673069314746,9.331932659469846,1
4.8348484903742,13.938653079943068,0
9.728369702980633,10.423641867028808,1
10.492302903098583,8.547319075135928,1
6.031033236986062,13.696990043344769,0
11.690869095374568,9.424140574441589,1
4.7998810994769645,16.353101871834202,0
5.842194264520854,14.273306996930538,0
5.583390013005194,13.09203655852921,0
11.246959393040335,9.869508058578987,1
10.533475512620548,9.173967255853857,1
10.913829328523759,7.768861063193093,1
7.204118598855789,13.022899097321893,0
11.388161882885548,7.277293658717708,1
5.546091661130103,15.264247494040767,0
6.430963901549397,14.890343438072355,0
6.593221516128188,14.113657214646604,0
12.7775956540206,9.620720124222558,1
4.858969121156739,14.41110838262495,0
10.963486231098324,10.168270536403632,1
10.89017343288385,10.419994478405021,1
6.581477911954759,14.673495523085242,0
5.738397414422336,14.775153430207492,0
5.979737807758071,13.615594841543619,0
11.146361335384132,9.472328526963699,1
5.731619127961685,14.92284527066979,0
5.817161478283907,13.660497718989948,0
12.147691188830883,9.234298106256762,1
12.174955756095919,7.456690358171774,1
4.734244346509304,14.41443970209427,0
6.5442793302420785,16.17013123661887,0
10.739583729012942,8.605056455405952,1
4.902798073450469,14.940312345083418,0
9.958676310040364,9.688233710254902,1
4.792604585917926,13.93932875449575,0
4.778379940529661,13.661321950704721,0
12.362068118208605,9.628587150545192,1
12.017449071428976,8.469860864100802,1
10.939751176526734,7.549102160837501,1
11.31840553466549,8.564589349054748,1
11.322634473548781,9.436630482109333,1
12.530409619985154,7.981523222216758,1
11.008653950105893,10.258329125562847,1
5.168036311231194,14.883564528496242,0
5.394638997384586,14.974715090240835,0
6.776212656210505,15.052377290111679,0
4.918376274717851,14.474694506882965,0
6.490422419431115,14.444056601887095,0
12.400413375160932,8.409130969206073,1
4.653178322130333,14.946766056147183,0
11.166675891648154,8.224494330602226,1
5.5110714227558795,13.22547227372937,0
9.75778131827913,9.692875693127936,1
12.545433156405418,8.91412700188256,1
12.186418093679434,8.162941591968313,1
11.287710896063135,7.269708870298923,1
10.121551346989863,9.68018714236454,1
12.86193362364611,10.325297309110526,1
12.573095753810474,8.468661586524364,1
10.945224239784295,9.214091995492069,1
11.625393308312152,11.14313198626101,1
9.631723705065363,9.723141356978264,1
11.556981254351616,8.776831876912556,1
12.235665252744598,8.085269960736046,1
12.00906476449672,9.452474745368592,1
11.062193116446501,10.0453576380209,1
4.580855628383981,14.070375918065135,0
10.993838419084023,8.955752175845547,1
11.351055000542384,8.375892076239728,1
11.094136775833116,9.130179024417426,1
10.056675881060173,7.628192657339215,1
8.328939318778065,10.071384114878011,1
6.533503900412511,14.589465705808427,0
5.425740817929315,14.562261938482356,0
5.877984576958861,15.042537467926053,0
3.9049672536195597,15.614586970314155,0
11.563837312497041,8.62058517216849,1
6.002167231649745,14.22801984805465,0
9.620052986191157,9.72613082898277,1
5.832195526840641,13.014975817436754,0
9.396006303685354,9.740291919099846,1
5.171586830643416,15.117113390472216,0
12.426887011524808,9.176432039467123,1
11.066498914643976,8.824200027563469,1
9.310503846049706,9.523237455335485,1
11.239631628892559,8.07556063785114,1
11.687661062626551,8.417410487061282,1
5.9751172686754845,13.56780500088809,0
5.942268135198879,14.130571541781059,0
5.302832538070091,15.01968381664201,0
5.409979532353162,13.76771366148991,0
12.129182453456753,8.276700837829662,1
11.176430296872546,9.688881020544061,1
11.820552676159801,8.327253283653159,1
10.520548227630833,8.130032893490757,1
4.778884259487799,13.95150222029753,0
7.504287683920968,14.435292408980581,0
11.634274783525134,8.924292592045093,1
10.54541289973876,8.670705139486909,1
4.426798285507789,14.917268204782573,0
5.979497388218851,15.798751162614712,0
9.423279953647173,9.585887214301188,1
11.028430755115904,8.148927146544512,1
3.4942060584006303,13.734959574467982,0
6.431619000080107,13.029850279714788,0
11.112878801317953,8.279756448016375,1
5.456816071044428,14.664765452963282,0
2.9983566786206928,15.082617100523967,0
12.826546123218742,7.909792496629397,1
11.008227503301537,9.009633402451295,1
4.357217828375392,15.17857654320352,0
10.267063344493913,9.086307490647446,1
5.914222059775013,14.521769868328633,0
10.909743415712429,7.318916329439558,1
10.455388860891302,9.469251824183466,1
10.252771951346208,8.732358627404045,1
11.25148796436645,7.70312868713524,1
11.57301038513946,8.670330823641558,1
7.3835560229915345,14.665696307109698,0
10.947155856955078,8.436452491821784,1
5.225993629578279,12.797199648016624,0
4.01061854814921,14.445348454681048,0
11.108013542081865,8.298825605480669,1
11.638453399843907,10.9900818017219,1
5.088341578943398,14.773982029262099,0
5.604604557972503,13.203003667192842,0
11.612316866226598,9.952431712582278,1
12.046583816760231,10.149172853401222,1
10.812791046854223,9.126590949388872,1
10.457186106652037,10.028886488792438,1
10.303516825111807,10.780817695866364,1
6.165199163880475,14.05852194371485,0
5.4004205794832165,15.359491448135934,0
13.506841553044698,8.449008490035228,1
11.800391308368441,9.487151294062846,1
10.403137796602744,9.735268488781305,1
11.409527346303662,9.18756495011866,1
5.6232152393528985,14.026127462773596,0
4.381151071832355,12.940257983064466,0
9.109117206145221,8.62836377891424,1
5.541000073296333,14.601866570965386,0
11.54967640740328,9.427585822972864,1
7.083750551631991,14.034938295662208,0
5.929009348308441,15.736070813098294,0
4.719687111362079,14.752633767655249,0
5.868594633056314,14.607162805645718,0
10.821901228592088,8.552996193008129,1
6.3043619730849505,12.647998724959091,0
5.62334548242862,14.307695189913485,0
5.975889143058721,14.821499122516977,0
5.0737190581852545,14.371637185858608,0
11.809314708354565,6.768741953947664,1
11.079241432600302,9.731264386327338,1
4.170017441213113,12.853250821772187,0
10.734166063085132,8.707153693207879,1
5.555422685437265,15.215856916649981,0
4.202731040660023,13.840069273383383,0
11.815601239236218,7.850170408297931,1
13.425661106787903,9.109098444930776,1
10.534406605770304,10.43326174007325,1
7.020896093646536,12.858863533356462,0
11.374361269549373,8.558892782135286,1
4.789106771788365,13.700533555951774,0
4.861751037426134,12.838460886551069,0
5.61012914139382,15.74065873503877,0
11.851033830602768,8.653853730787707,1
4.555798068984332,14.734307026783924,0
5.89909365044547,13.638015076328148,0
10.427686082890105,9.61280908071106,1
10.119495761887125,8.595321718725724,1
4.02367412391607,13.66133957319497,0
3.699330567411396,14.234200720699526,0
5.353444949472481,16.98088376273836,0
11.46091835890779,9.20376128723468,1
4.938077061131946,14.492968293309746,0
7.932760349383946,12.393449403556994,0
5.372713666707567,13.506978431791254,0
5.961720072278899,12.497674440786009,0
5.08760063509991,13.684896355504064,0
7.751135157366704,12.30862679662624,0
11.348582436043978,8.586538450628188,1
5.087844164337996,13.4678417638864,0
10.720317775807471,7.476734309837443,1
6.356568362705848,14.432082877338713,0
10.31728536822523,9.550475931548709,1
7.250513086642073,12.83057321818811,0
6.133137049919097,14.774500547060951,0
5.676310501156437,13.11774429831812,0
10.147553554066848,9.451292819341953,1
7.483876293855194,14.73454751706053,0
10.644124427880948,10.648898788244942,1
9.454383956246337,8.287969193074305,1
5.599085574807749,13.258185231510934,0
6.243769130475443,13.40355703973246,0
4.795881387144005,14.504401807640654,0
11.803079711132991,9.053195230143952,1
6.1400433483273344,14.55769926938193,0
5.717753147798079,13.757238942032544,0
5.959857758487597,16.13688543536463,0
11.269077771078894,11.435177402866444,1
4.547209284649325,14.743187011391928,0
5.845561717314567,15.56785735043117,0
5.875652173433202,14.186268680382575,0
5.466316687674854,14.84903180263332,0
10.420987279899489,9.35708913802007,1
10.748974596962398,9.676083627768968,1
5.911174256009119,13.546363178122375,0
6.232268482753862,15.018222306196048,0
4.636593131662487,14.722818070412014,0
6.649101305206388,15.191994715264942,0
11.039539497091251,8.332940485249974,1
4.887735150993301,14.477173185730718,0
3.9147193433552827,14.205166897252123,0
8.283022484229505,8.925582396437736,1
6.568525620896487,13.68381094048634,0
11.701581191214311,7.85082549173832,1
5.8947925820404565,15.087897845184767,0
5.860064054276471,12.347434351490945,0
6.3000547540054015,13.950447839555286,0
11.306042149413194,7.728763686570246,1
4.691171311132354,14.201189240086943,0
11.26577451789598,9.314334052942574,1
5.343050085558793,11.958793431413158,0
11.17100819519098,9.026313811111697,1
5.597200188746289,14.378041979457524,0
11.05147536439047,8.502219816190433,1
9.97828911727616,8.698776970069595,1
5.64261195696938,14.758712887394193,0
5.104234865373743,13.201501074259792,0
5.398429894872925,14.61782716766049,0
7.069245390505479,15.21998542223395,0
12.828865222116422,10.106442292503306,1
7.246717328281729,12.880613137933851,0
4.098731816756423,13.776480523282492,0
11.736897743816428,8.057711938777924,1
10.40624712029084,8.433018321715156,1
7.120458834806465,14.334809376568519,0
4.971528898467911,13.179166592534347,0
6.308245774421549,13.859494124262907,0
10.73273174465048,8.29789301495775,1
11.223709840942275,8.41579863221882,1
5.950415794690029,13.51222805959219,0
6.137448296951609,15.79345350915132,0
4.612084401210735,13.046525983361011,0
11.661800616797388,10.826584588691583,1
5.6954700903580555,13.39943039482048,0
5.503561937457819,15.498530908122206,0
10.94678215429728,10.774435126473337,1
11.229292810881832,10.557330542719024,1
9.139034895839432,7.700300296219847,1
11.306836500935239,8.760776734146685,1
11.587805636887616,9.166486386111908,1
10.930445417518644,9.654696755122153,1
9.857187105608778,9.3622870091396,1
10.368391324179129,7.5732161661073265,1
10.012932984041864,8.93216590681357,1
5.132738234881334,14.342588735535065,0
10.802961899677028,8.181580018417096,1
6.923580589864766,14.281718437781501,0
11.570563957863385,10.088580843538457,1
5.715179332058478,15.229359586681632,0
6.123089061690894,15.126469790318865,0
12.527414328501138,10.77575493605107,1
5.693906340904164,13.583552884636632,0
12.37926456375708,9.904510945868317,1
6.475761405912457,14.100776066185317,0
4.845276568172865,14.023895989408734,0
4.417805375654661,13.926213360307795,0
10.998327506360628,10.656314575230832,1
4.067438351644304,14.32927757095477,0
11.03563403945977,10.074068781426497,1
5.383948407987101,14.026577639199562,0
5.147063477092114,14.49276453350638,0
10.408730137388279,9.552460044311708,1
11.317511789246279,8.568000296833082,1
5.178057296013454,14.391455173434835,0
11.480826314795458,8.002322018156997,1
11.182832148022376,7.464133147958317,1
10.36712043668669,8.592175703019565,1
10.328073019368917,9.027275934271962,1
9.60058989915655,8.24894722301363,1
6.776697361717841,13.440032277797032,0
11.50971330508636,10.42144588361345,1
4.95631531794205,15.113147930944967,0
4.297868575689795,16.092173362003095,0
5.685629987398361,12.835966409935287,0
11.215523685279642,9.750742456842517,1
9.201188878266798,10.475921574444731,1
9.531895226754832,6.781071306335467,1
5.6058550098635225,13.363460224662912,0
10.21664997062856,7.1749951622910295,1
7.582826915626827,14.295978148120472,0
6.242221599762592,14.889060105413023,0
10.462620677070705,10.389224703141128,1
5.949365214114001,15.236259723271102,0
9.898845799571179,9.595812869899813,1
5.028737025766226,15.110316693169768,0
13.553268930420938,9.039095696970037,1
11.62263188703862,10.30902979308798,1
2.3768344426413646,13.236326954814453,0
10.533725693956297,7.090336532010018,1
5.505773733019607,14.03974499661552,0
11.601719089388272,7.409652543065093,1
10.976306588080508,7.821512573763006,1
9.96780475191091,7.32502059108978,1
12.483307428938227,9.85723955353122,1
4.80960817981725,13.758957552564206,0
10.711020436616247,7.873351354213879,1
10.356768600746312,8.424400143795294,1
10.004035874193743,10.033519059563389,1
7.197314598217829,15.028149325301651,0
12.225994319668706,6.9064870305473995,1
10.934323110815578,9.22321671227824,1
10.535615867094965,9.357177756000402,1
9.699604728500182,9.852334591235694,1
4.011655462452865,14.464178232015966,0
6.701153025885715,15.314516648183647,0
4.710077707189226,12.848410894813451,0
8.941784591993223,7.971790952038145,1
10.434990040362127,9.37901337730762,1
4.632375736374893,14.764761111666587,0
4.13957979234301,13.540870387754035,0
7.0959958274519535,13.742444377875096,0
4.289915733812006,14.457575832017866,0
6.194658745766204,14.57196475069228,0
10.490469684652854,10.02403814002462,1
11.986201936385516,8.4029853934324,1
7.74025797972307,15.29317985669989,0
7.141225859980095,14.799624639833402,0
7.771284240221993,13.493367033260693,0
11.4975681476402,8.254133449802083,1
10.462297828134904,9.203665214594448,1
11.458888952917468,9.313539368242497,1
9.352366689287914,9.02796220961693,1
10.637221533090727,8.608436396959757,1
4.698677548476634,15.810649001166283,0
5.064452477363255,13.062836703559894,0
11.190926594373694,8.883164151085156,1
3.59295919605283,14.44716891091817,0
4.219534208891296,14.823683832839313,0
6.572103546203639,14.91210584745454,0
5.791282708561619,14.64603197587758,0
5.599588646718047,13.972055957228605,0
5.275387266183667,13.458437326927124,0
6.8957666784988625,13.669143207312914,0
5.502453500322197,13.959610900559454,0
10.944920636674114,10.750677898591059,1
11.175754382268758,8.001504485340517,1
3.5506596826705605,14.171594556635954,0
5.154684089897975,13.794984842578486,0
11.810244943715322,8.123793437046682,1
10.793037483009718,8.540146204681374,1
5.942185752105232,13.875632315732426,0
5.7150977477031555,14.855871621585656,0
6.676526269560025,12.50197510972563,0
10.275565436628318,7.57141596659199,1
11.259877753490898,7.854388215657172,1
10.724931909750222,10.483870251538237,1
11.539699575102116,10.06065798851017,1
8.897979719287354,10.676333631245587,1
7.16925375823296,14.376389230441601,0
4.7713080646420325,12.745867371462879,0
5.582275743600485,15.825358251962749,0
10.424709600477879,10.86103433239614,1
4.550481353327843,14.118335111127449,0
12.559481272901788,8.457017235802281,1
5.365533631317277,13.012931414183893,0
6.409133729753484,13.351327141354004,0
11.150774565299018,8.79589392660287,1
9.990304306912495,8.854090342855901,1
9.699479774674794,10.734671444939913,1
5.705148850948609,13.961707245682875,0
6.365395387833699,14.871084861582208,0
6.263477732295585,15.629346153681091,0
11.20204289880479,8.501128641292071,1
6.440161942704927,16.15750757880269,0
11.849515047276737,10.3355151217605,1
11.089303921775969,9.70564388685424,1
9.501322881391236,10.123631306162478,1
5.715777881259269,13.487704812293277,0
10.189434671725765,9.451345620091544,1
4.825581044277737,14.145978154681844,0
4.3136322822055835,14.93038714497878,0
11.813831281719981,9.439057342183986,1
4.899657561458001,14.047267444436896,0
10.942274424746229,10.083179144972071,1
8.696982591165675,15.38028950758332,0
5.678331992651463,16.723956708634027,0
6.517701658143688,14.568014117025353,0
5.143156471549481,13.60738536357503,0
7.305243417783002,15.142354353098193,0
11.393344030394777,10.856673075513616,1
4.941179782404478,14.872390884989612,0
10.940353973314421,9.661377960328174,1
11.630110305129737,8.880701399176166,1
5.631103674588344,15.71424867330606,0
4.467108205288135,14.636412614494414,0
11.41992357722441,8.477823038602939,1
10.527602807922,6.555997936326593,1
5.01639517048104,16.11299278065768,0
10.99834306023647,9.32745896831722,1
7.807904715928109,13.452416310793591,0
10.710034191877705,8.001113547173242,1
6.88501293189706,13.553045130529963,0
5.148627396775485,14.803274639734708,0
11.76570928582191,9.405334824740514,1
13.278807250790326,8.61703870251589,1
5.157463011750649,15.317836822367658,0
9.287444497456256,10.509427582416162,1
11.36010697817704,9.590463008239372,1
10.90547569807103,9.600549360506227,1
6.797398966774264,14.328233077558853,0
10.758944953341413,9.00676310195008,1
12.053540877030848,7.953361963544489,1
4.605270662376014,14.574961928744017,0
10.352942069383309,10.792325820952477,1
10.32926655804925,8.492751879190854,1
5.146169916921004,15.34966519311611,0
11.18829193511863,6.938142394531258,1
4.728587353084913,13.444904311183304,0
9.689948227430023,7.684798490891933,1
11.903936146377978,8.79497512651256,1
5.940820343048527,13.43348365259642,0
11.177993887938932,8.835516851031606,1
11.61850158594845,7.318357200686589,1
6.329716660799327,13.136072504310874,0
10.355090549475397,9.005968313166383,1
